Name,Address,City,State,Latitude,Longitude,Price_per_gallon
Flying J Travel Plaza,1234 Interstate Dr,Cleveland,OH,41.4993,-81.6944,2.989
Pilot Travel Center,5678 Highway Blvd,Kansas City,MO,39.0997,-94.5786,3.049
TA Travel Center,9012 Route 66,Amarillo,TX,35.2220,-101.8313,2.899
Love's Travel Stop,3456 Main St,Albuquerque,NM,35.0844,-106.6504,3.129
Petro Stopping Center,7890 Commerce Way,Flagstaff,AZ,35.1983,-111.6513,3.259
Flying J,2345 Desert Rd,Barstow,CA,34.8958,-117.0228,3.899
Pilot,6789 Coastal Hwy,San Bernardino,CA,34.1083,-117.2898,3.799
TA,1357 Valley Rd,Los Angeles,CA,34.0522,-118.2437,3.999
Love's,2468 Mountain Dr,Salt Lake City,UT,40.7608,-111.8910,3.099
Flying J,8024 Plains Rd,Cheyenne,WY,41.1400,-104.8202,2.949
Pilot,1593 Midwest Ave,North Platte,NE,41.1239,-100.7654,2.879
TA,7531 Great Lakes Dr,Des Moines,IA,41.5868,-93.6250,2.959
Love's,9517 River Rd,Joliet,IL,41.5250,-88.0817,3.189
Flying J,3698 Lake Shore Dr,Gary,IN,41.5934,-87.3465,3.149
Pilot,1472 Turnpike Ln,Toledo,OH,41.6528,-83.5379,2.999
TA,5896 Penn Ave,Pittsburgh,PA,40.4406,-79.9959,3.219
Love's,7418 Liberty St,Harrisburg,PA,40.2732,-76.8867,3.179
Flying J,2589 Colonial Rd,Philadelphia,PA,39.9526,-75.1652,3.299
Pilot,9631 Harbor Dr,Newark,NJ,40.7357,-74.1724,3.349
TA,4752 Bay Rd,New York,NY,40.7128,-74.0060,3.449
Love's,8147 Atlantic Ave,Boston,MA,42.3601,-71.0589,3.399
Flying J,6325 New England Hwy,Providence,RI,41.8240,-71.4128,3.359
Pilot,1963 Coastal Dr,Portland,ME,43.6591,-70.2568,3.289
TA,3852 Mountain View Rd,Burlington,VT,44.4759,-73.2121,3.319
Love's,7419 Lake Rd,Syracuse,NY,43.0481,-76.1474,3.249
Flying J,5174 Canal St,Buffalo,NY,42.8864,-78.8784,3.199
Pilot,2896 Great Lakes Pkwy,Erie,PA,42.1292,-80.0851,3.159
TA,6741 Interstate 90,Cleveland,OH,41.4993,-81.6944,3.089
Love's,9258 Motor City Blvd,Detroit,MI,42.3314,-83.0458,3.239
Flying J,4136 Windy City Ave,Chicago,IL,41.8781,-87.6298,3.279
Pilot,8527 Gateway Dr,Milwaukee,WI,43.0389,-87.9065,3.099
TA,1749 Twin Cities Rd,Minneapolis,MN,44.9778,-93.2650,3.129
Love's,6482 Missouri River Rd,Sioux Falls,SD,43.5460,-96.7313,2.969
Flying J,3915 Mount Rushmore Hwy,Rapid City,SD,44.0805,-103.2310,2.999
Pilot,7268 Big Sky Dr,Billings,MT,45.7833,-108.5007,3.159
TA,2591 Pacific Coast Rd,Spokane,WA,47.6588,-117.4260,3.389
Love's,8734 Emerald City Way,Seattle,WA,47.6062,-122.3321,3.599
Flying J,5147 Rose City Blvd,Portland,OR,45.5152,-122.6784,3.499
Pilot,9826 Silicon Valley Dr,Sacramento,CA,38.5816,-121.4944,3.699
TA,4371 Bay Area Pkwy,San Francisco,CA,37.7749,-122.4194,3.899
